policy,claim,y,n,cd,CI_y,CI_n
"Beth has home insurance that covers losses from ""Malicious Acts or Vandalism,"" defined as <b>""costs associated with repairing deliberate damage to the policyholder's property made by an adverse third party.""</b>","Beth lives in a very quiet neighborhood at the edge of town with her two young children. Upon returning home from work one day,  she sees that an exterior wall of her house is covered in graffiti. She reviews her home surveillance footage and sees that her estranged young adult son spraypainted the wall. She hires professional painters to paint over the graffiti. Beth files a claim with her insurance company for the damages. ",17,7,2,0.4219731328762187,0.1178501987593926
"Beth has home insurance that covers losses from ""Malicious Acts or Vandalism,"" defined as <b>""costs associated with repairing deliberate damage to the policyholder's property made by an adverse third party.""</b>","Beth lives in a very quiet neighborhood at the edge of town with her two young children. Upon returning home from work one day,  she sees that an exterior wall of her house is covered in graffiti. She reviews her home surveillance footage and sees that a group of neighborhood teenagers spraypainted the wall. She hires professional painters to paint over the graffiti. Beth files a claim with her insurance company for the damages. ",31,0,1,0.799224379687257,0.0
"Beth has home insurance that covers losses from ""Malicious Acts or Vandalism,"" defined as <b>""costs associated with repairing deliberate damage to the policyholder's property made by an adverse third party.""</b>","Beth lives in a very quiet neighborhood at the edge of town with her two young children. Upon returning home from work one day,  she sees that an exterior wall of her house is covered with drawings made in permanent marker. She reviews her home surveillance footage and sees that it was her children who drew on the wall. She hires professional painters to paint over the drawing. Beth files a claim with her insurance company for the damages. ",1,25,2,0.004716598346913293,0.6822011314715051
"Gwen's car insurance policy includes coverage for damages stemming from ""Personal Accident,"" defined as <b>""accidental injury while traveling in your car.""</b>","One day, Gwen drives her SUV to the grocery store. After buying groceries, she injures her wrist when she lifts a heavy grocery bag into her car. This incident ultimately leads to thousands of dollars in medical expenses. Gwen files a claim with her insurance company for the damages. ",1,23,1,0.005284903765996357,0.7007439248004362
"Gwen's car insurance policy includes coverage for damages stemming from ""Personal Accident,"" defined as <b>""accidental injury while traveling in your car.""</b>","One day, Gwen drives her SUV to the grocery store. After she parks the car, she injures her wrist when she opens her driver-side door into an oncoming car. This incident ultimately leads to thousands of dollars in medical expenses. Gwen files a claim with her insurance company for the damages. ",14,21,0,0.2297677484042502,0.4016264325315544
"Gwen's car insurance policy includes coverage for damages stemming from ""Personal Accident,"" defined as <b>""accidental injury while traveling in your car.""</b>","One day, Gwen drives her SUV to the grocery store. While looking for a parking space, she injures her wrist when her SUV collides with another car. This incident ultimately leads to thousands of dollars in medical expenses. Gwen files a claim with her insurance company for the damages. ",26,1,1,0.7270235108912069,0.004716598346913293
"Charlotte has insurance that covers damage from ""Flooding"" to her home, defined as <b>""an invasion of the property by a large volume of water caused by a sudden release from outside the buildings.""</b>","Charlotte lives alone in a one-story home. One day, a car hits a fire hydrant outside her home, causing a large volume of water to suddenly seep into her home. This causes significant water damage to her basement. Charlotte files a claim with her insurance company for the damage.",26,0,0,0.8193843835540707,0.0
"Charlotte has insurance that covers damage from ""Flooding"" to her home, defined as <b>""an invasion of the property by a large volume of water caused by a sudden release from outside the buildings.""</b>","Charlotte lives alone in a one-story home. One day, one of the rain barrels that she keeps next to her home begins to leak, causing a large volume of water to suddenly seep into her home. This causes significant water damage to her basement. Charlotte files a claim with her insurance company for the damage.",16,11,1,0.35494700494259596,0.20892888007419896
"Charlotte has insurance that covers damage from ""Flooding"" to her home, defined as <b>""an invasion of the property by a large volume of water caused by a sudden release from outside the buildings.""</b>","Charlotte lives alone in a one-story home. One day, the waterbed in her bedroom begins to leak, causing a large volume of water to suddenly seep through her floors. This causes significant water damage to her basement. Charlotte files a claim with her insurance company for the damage.",3,31,1,0.02390354274416663,0.7003369804594962
"Fatema's home insurance covers ""Fire"" damage, defined as <b>""damage to the policyholder's property caused by naturally-occurring fire.""</b> ","Fatema keeps a gas-powered grill next to her garage. One day, she uses the grill and leaves it briefly unattended. While she's away, burning embers from a nearby quick-moving brush fire make contact with the grill and cause its propane tank to explode, which in turn causes her garage to go up in flames. Fatema files a claim with her insurance company for the damage to the garage.",14,14,3,0.2624419803653742,0.2624419803653742
"Fatema's home insurance covers ""Fire"" damage, defined as <b>""damage to the policyholder's property caused by naturally-occurring fire.""</b> ","Fatema keeps a gas-powered grill next to her garage. One day, she uses the grill and leaves it briefly unattended. While she's away, a defect in the grill causes its propane tank to explode, which in turn causes her garage to go up in flames. Fatema files a claim with her insurance company for the damage to the garage.",8,16,4,0.13238517308545675,0.35494700494259596
"Fatema's home insurance covers ""Fire"" damage, defined as <b>""damage to the policyholder's property caused by naturally-occurring fire.""</b> ","Fatema keeps a gas-powered grill next to her garage. One day, she uses the grill and leaves it briefly unattended. While she's away, a quick-moving brush fire spreads to her property, causing her garage to go up in flames before spreading to the grill and causing its propane tank to explode. Fatema files a claim with her insurance company for the damage to the garage.",26,9,0,0.5412175590544773,0.12384646903102413
"John's car insurance policy includes coverage for ""Vehicle Damage,"" which excludes <b>""loss or damage caused by wear and tear.""</b>","John takes generally good care of his car, but one day he is involved in a minor accident which damages his front left wheel. He brings the car to a mechanic to have the wheel replaced. John files a claim with his insurance company for the damage. ",16,10,0,0.38673777142116733,0.19764906752407405
"John's car insurance policy includes coverage for ""Vehicle Damage,"" which excludes <b>""loss or damage caused by wear and tear.""</b>","John takes generally good care of his car, but one day he is involved in a minor accident which knocks his front left wheel out of alignment. He brings his car in to a mechanic to have the wheel re-aligned, but the mechanic tells John that his car will also need substantial repair work because the unaligned wheel has been scraping against the body of the car since the accident. John files a claim with his insurance company for the damage. ",21,11,2,0.41532974918176613,0.1694916554905748
"John's car insurance policy includes coverage for ""Vehicle Damage,"" which excludes <b>""loss or damage caused by wear and tear.""</b>","John takes generally good care of his car, but over the years he has noticed a gradual buildup of rust on his front left wheel. He brings the car to a mechanic to have the wheel replaced. John files a claim with his insurance company for the damage. ",3,29,1,0.025373794841479037,0.685247366942127
"Jack has insurance coverage against loss and damage from ""Identity Theft,"" which excludes <b>""identity theft connected with the policyholder's occupation.""</b>","Jack is a successful business consultant. One day, while Jack is at home, hackers manage to infiltrate the computer network at Jack's office. The hackers steal Jack's credit card information and make a number of fraudulent purchases in his name. To resolve the fraud, Jack must spend thousands of dollars in legal fees. Jack files a claim with his insurance company for his losses. ",20,8,2,0.44925559903175305,0.1230757121975969
"Jack has insurance coverage against loss and damage from ""Identity Theft,"" which excludes <b>""identity theft connected with the policyholder's occupation.""</b>","Jack is a successful business consultant. One day, while Jack is at home, hackers manage to infiltrate Jack's home WiFi network. The hackers steal Jack's credit card information and make a number of fraudulent purchases in his name. To resolve the fraud, Jack must spend thousands of dollars in legal fees. Jack files a claim with his insurance company for his losses. ",19,6,0,0.5208094443165291,0.09778575226485807
"Jack has insurance coverage against loss and damage from ""Identity Theft,"" which excludes <b>""identity theft connected with the policyholder's occupation.""</b>","Jack is a successful business consultant. One day, while Jack is at home, hackers manage to infiltrate the computer network of an upscale restaurant where Jack and his colleagues frequently conduct meetings. The hackers steal Jack's credit card information and make a number of fraudulent purchases in his name. To resolve the fraud, Jack must spend thousands of dollars in legal fees. Jack files a claim with his insurance company for his losses. ",17,11,4,0.3319583666692019,0.18085961150987656
"Martha has an insurance policy that covers accidental damage to her home and belongings from ""Hot Work,"" defined as <b>""any work that requires, uses or produces any sources of heat that could ignite flammable materials.""</b> ","Martha is installing hardwood flooring in her living room. She uses a heat gun -- a device that emits very hot air -- to help dry the glue that attaches the floorboards. While arranging her floorboards, she sets her heat gun down on her expensive dining room table, which causes the surface of the table to burn but not catch fire. Martha files a claim with her insurance company for the damage.",19,10,3,0.3875690217306261,0.15810142906950617
"Martha has an insurance policy that covers accidental damage to her home and belongings from ""Hot Work,"" defined as <b>""any work that requires, uses or produces any sources of heat that could ignite flammable materials.""</b> ","Martha is installing hardwood flooring in her living room. She uses a heat gun -- a device that emits very hot air -- to help dry the glue that attaches the floorboards. While arranging her floorboards, she sets her heat gun down on her expensive dining room table, which causes the table to catch fire. Martha files a claim with her insurance company for the damage.",27,3,1,0.6685681697043083,0.027036816060263372
"Martha has an insurance policy that covers accidental damage to her home and belongings from ""Hot Work,"" defined as <b>""any work that requires, uses or produces any sources of heat that could ignite flammable materials.""</b> ","Martha is installing hardwood flooring in her living room. She uses a heat gun -- a device that emits very hot air -- to help dry the glue that attaches the floorboards. While arranging her floorboards, she sets her heat gun down on her expensive dining room table, which severely warps the table's surface. Martha files a claim with her insurance company for the damage.",23,9,8,0.39034664789694945,0.10767154909658555
"Denise's insurance covers damage from ""House Removal,"" defined as <b>""damage to belongings caused while being removed by professional removal contractors from the home.""</b>","Denise is moving to a new home on the other side of town. She pays a professional moving company to move her belongings out of her current home. During the move, the moving truck is involved in a minor accident that damages several pieces of her furniture and other belongings. Denise files a claim with her insurance company for the damage to her belongings.  ",32,8,0,0.6158934987610288,0.09108698012092807
"Denise's insurance covers damage from ""House Removal,"" defined as <b>""damage to belongings caused while being removed by professional removal contractors from the home.""</b>","Denise is moving to a new home on the other side of town. She asks her uncle, a retired professional mover, to help move her belongings out of her current home. During the move, her uncle's truck is involved in a minor accident that damages several pieces of her furniture and other belongings. Denise files a claim with her insurance company for the damage to her belongings.",1,27,0,0.004716598346913293,0.7755177202029245
"Denise's insurance covers damage from ""House Removal,"" defined as <b>""damage to belongings caused while being removed by professional removal contractors from the home.""</b>","Denise is moving to a new home on the other side of town. She rents a truck and decides she will move her own belongings out of her current home. During the move, her truck is involved in a minor accident that damages several pieces of her furniture and other belongings. Denise files a claim with her insurance company for the damage to her belongings. ",5,18,1,0.0775967656336895,0.5056812328206942
"Ken's car insurance policy includes coverage for ""Vehicle Fire,"" defined as <b>""loss or damage to the policy holder's car as a result of fire, lightning or explosion.""</b>","One day, Ken parks his car next to his home and leaves a smoldering cigarette butt in his car ashtray. The cigarette butt does not catch fire, but it causes significant smoke damage to the car's interior. Ken files a claim with his insurance company for the damage.",3,28,3,0.024616730487140477,0.6247381735509513
"Ken's car insurance policy includes coverage for ""Vehicle Fire,"" defined as <b>""loss or damage to the policy holder's car as a result of fire, lightning or explosion.""</b>","One day, Ken parks his car next to his home, and while he is out on a jog his neighbor's home catches fire. The fire spreads to Ken's car, which is subsequently destroyed in the blaze. Ken files a claim with his insurance company for the damage. ",30,2,1,0.7224872931937085,0.013143701771990602
"Ken's car insurance policy includes coverage for ""Vehicle Fire,"" defined as <b>""loss or damage to the policy holder's car as a result of fire, lightning or explosion.""</b>","One day, Ken parks his car next to his home and leaves behind his smartphone, which catches fire later that day due to a defect. The fire does not spread to the rest of the car, but it causes significant smoke damage to the car's interior. Ken files a claim with his insurance company for the damage.",23,7,4,0.47152175623462633,0.08898542042358258
"Carol's home insurance policy includes coverage for ""Escape of Water"" damage, defined as <b>""damage to buildings and contents caused by a sudden, unforeseen flow of water from an internal source, such as a burst pipe or faulty appliance.""</b>",Carol's bathroom wall has become severely damaged due to a pipe that leaked for several hours before Carol managed to find a plumber who could fix the leak. Carol files a claim with her insurance company for the damage to her wall.,30,1,0,0.7937794926869607,0.004258651054382017
"Carol's home insurance policy includes coverage for ""Escape of Water"" damage, defined as <b>""damage to buildings and contents caused by a sudden, unforeseen flow of water from an internal source, such as a burst pipe or faulty appliance.""</b>",Carol's bathroom wall has become severely damaged due to a pipe that slowly leaked over several days before Carol got around to calling a plumber who could fix the leak. Carol files a claim with her insurance company for the damage to her wall.,17,15,3,0.30023579421188734,0.2527193270640852
"Carol's home insurance policy includes coverage for ""Escape of Water"" damage, defined as <b>""damage to buildings and contents caused by a sudden, unforeseen flow of water from an internal source, such as a burst pipe or faulty appliance.""</b>",Carol's bathroom wall has become severely damaged due to a pipe that suddenly burst. Carol files a claim with her insurance company for the damage to her wall.,23,0,1,0.745470963099825,0.0
"Steve's car insurance policy includes coverage for ""Vehicle Damage,"" defined as <b>""loss or damage to the policy holder's 1) car; or 2) car accessories (while in or on the car)."" </b> ","One day, Steve is involved in a minor accident. His favorite guitar, which was in the car at the time, was damaged. Steve files a claim with his insurance company for the damage. ",6,21,0,0.09022422095788912,0.5485034110219194
"Steve's car insurance policy includes coverage for ""Vehicle Damage,"" defined as <b>""loss or damage to the policy holder's 1) car; or 2) car accessories (while in or on the car)."" </b> ","One day, Steve is involved in a minor accident. His tablet computer, which he uses for navigation and which was in the car at the time, was damaged. Steve files a claim with his insurance company for the damage. ",13,16,2,0.2366152176635525,0.31619635956351666
"Steve's car insurance policy includes coverage for ""Vehicle Damage,"" defined as <b>""loss or damage to the policy holder's 1) car; or 2) car accessories (while in or on the car)."" </b> ","One day, Steve is involved in a minor accident. His GPS navigation system, which was in the car at the time, was damaged. Steve files a claim with his insurance company for the damage. ",30,2,0,0.7556507263862877,0.013558106527260827
"Peter has insurance that covers ""Loss or Damage to a Goods Carrying Vehicle,"" which includes <b>""key replacement in the case of theft.""</b>","As part of his bakery business, Peter owns a van which he uses to make local deliveries. One day, Peter is mugged by an individual who takes the key to the van. Replacing the key costs Peter hundreds of dollars. Peter files a claim with his insurance company for his losses.",32,1,0,0.8043893257838111,0.003999753601621522
"Peter has insurance that covers ""Loss or Damage to a Goods Carrying Vehicle,"" which includes <b>""key replacement in the case of theft.""</b>","As part of his bakery business, Peter owns a van which he uses to make local deliveries. One day, Peter realizes he has lost the key to the van. Replacing the key costs Peter hundreds of dollars. Peter files a claim with his insurance company for his losses.",7,13,0,0.15584071897703464,0.38902122195660765
"Peter has insurance that covers ""Loss or Damage to a Goods Carrying Vehicle,"" which includes <b>""key replacement in the case of theft.""</b>","As part of his bakery business, Peter owns a van which he uses to make local deliveries. One day, Peter lends the van to an absent-minded acquaintance, who returns the van but neglects to return the key and does not answer Peter's insistent calls. Replacing the key costs Peter hundreds of dollars. Peter files a claim with his insurance company for his losses.",9,16,1,0.16985486101342764,0.38673777142116733
"Joanne's home insurance covers ""Emergency Damages,"" defined as <b>""loss or damage to the contents of the policyholder's home caused when first responders force an entry into the policyholder's home because of an emergency or perceived emergency involving the policyholder.""</b>","Late one night, Joanne hears loud crashing noises coming from another room in her home and believes that a burglar has broken in. From her bedroom, she frantically calls the police, who make a forced entry into her home to assess the situation. It turns out that Joanne is experiencing mild paranoia after having recently watched a movie that involved a home burglary. Joanne files a claim with her insurance company for the damage caused by the forced entry.",25,7,4,0.494956278178276,0.08385465852863715
"Joanne's home insurance covers ""Emergency Damages,"" defined as <b>""loss or damage to the contents of the policyholder's home caused when first responders force an entry into the policyholder's home because of an emergency or perceived emergency involving the policyholder.""</b>","Late one night, Joanne hears loud crashing noises coming from another room in her home and believes that a burglar has broken in. From her bedroom, she frantically calls the police, who make a forced entry into her home to assess the situation. It turns out that the noises Joanne heard were indeed from a burglar, whom the police promptly arrest. Joanne files a claim with her insurance company for the damage caused by the forced entry.",22,1,0,0.7366607855236769,0.005746504891547587
"Joanne's home insurance covers ""Emergency Damages,"" defined as <b>""loss or damage to the contents of the policyholder's home caused when first responders force an entry into the policyholder's home because of an emergency or perceived emergency involving the policyholder.""</b>","Late one night, Joanne hears loud crashing noises coming from another room in her home and knows it is just her two dogs playing together. From her bedroom, she frantically calls the police, who make a forced entry into her home to assess the situation. It turns out that the noises Joanne heard were indeed from her dogs; Joanne just wanted help subduing the dogs. Joanne files a claim with her insurance company for the damage caused by the forced entry.",8,9,2,0.2009681777230967,0.23934307662750728
"Aneesh's car insurance policy includes coverage for ""Vehicle Glass"" damage, defined as <b>""broken glass, and any scratching to the bodywork caused solely and directly by broken glass.""</b>","Aneesh drives a convertible Porsche and parks his car one day in an outdoor parking lot. While his car is parked in the lot, a baseball from a nearby little league game hits his car's front hood. When he returns, he discovers that the hood has been severely damaged. Aneesh files a claim with his insurance company for the damage. ",3,26,0,0.028933190670327028,0.6911631225274859
"Aneesh's car insurance policy includes coverage for ""Vehicle Glass"" damage, defined as <b>""broken glass, and any scratching to the bodywork caused solely and directly by broken glass.""</b>","Aneesh drives a convertible Porsche and parks his car one day in an outdoor parking lot. While his car is parked in the lot, a baseball from a nearby little league game hits his car's front windshield. When he returns, he discovers that the windshield has been severely damaged and that broken shards from the windshield managed to leave scratches on the car. Aneesh files a claim with his insurance company for the damage. ",37,5,0,0.7140301244873961,0.04360824725161749
"Aneesh's car insurance policy includes coverage for ""Vehicle Glass"" damage, defined as <b>""broken glass, and any scratching to the bodywork caused solely and directly by broken glass.""</b>","Aneesh drives a convertible Porsche and parks his car one day in an outdoor parking lot. While his car is parked in the lot, a baseball from a nearby little league game hits one of his car's side mirrors. When he returns, he discovers that the side mirror has been severely damaged and that broken shards from the side mirror managed to leave scratches on the car. Aneesh files a claim with his insurance company for the damage.",23,2,0,0.7007439248004362,0.017397960716967725
"Genie has home insurance that covers ""Garden Plants"" damage, defined as <b>""damage to plants, bushes, shrubs and trees within the boundaries of the land belonging to the home caused by civil commotion, strikes, or labor and political disturbances.""</b>","Genie buys special fertilizer for her garden plants from a hardware store located next door. When the workers of the store go on strike, the store temporarily shuts down due to staff shortages, and Genie decides that it is too inconvenient to buy the fertilizer from another store located slightly further away. Without the fertilizer, the plants die. Genie files a claim with her insurance company for the damage to her plants.",10,31,1,0.118643280857193,0.5544960112792469
"Genie has home insurance that covers ""Garden Plants"" damage, defined as <b>""damage to plants, bushes, shrubs and trees within the boundaries of the land belonging to the home caused by civil commotion, strikes, or labor and political disturbances.""</b>","Genie buys special fertilizer for her garden plants from a hardware store located next door. When the workers of the store go on strike, they start picketing outside, and some of their picketing activities spill over to Genie's property. When the strikers inadvertently walk on Genie's plants, the plants die. Genie files a claim with her insurance company for the damage to her plants.",29,0,0,0.8349855662546786,0.0
"Genie has home insurance that covers ""Garden Plants"" damage, defined as <b>""damage to plants, bushes, shrubs and trees within the boundaries of the land belonging to the home caused by civil commotion, strikes, or labor and political disturbances.""</b>","Genie buys special fertilizer for her garden plants from a hardware store located next door. When the workers of the store go on strike, the store temporarily shuts down due to staff shortages, and Genie is unable to find the fertilizer within driving distance from her home or online. Without the fertilizer, the plants die. Genie files a claim with her insurance company for the damage to her plants.",9,14,0,0.1939382822389567,0.3679654919132732
"Jett has insurance that covers ""Trace and Access,"" defined as <b>""necessary and reasonable costs that you incur in locating and fixing accidental damage to cables, pipes, underground drain pipes or tanks providing services to and from your home.""</b>","Jett discovers that his house's water pressure is very low, and he calls an inspector to survey what may be the issue. Floorboards have to be removed to access the piping. It is then discovered that the water pipes have cracked over time due to long-term wear, an issue which could have been resolved by the previous inspector. Jett files a claim with his insurance company for the damage. . ",23,10,3,0.44079412657639205,0.13952713499267144
"Jett has insurance that covers ""Trace and Access,"" defined as <b>""necessary and reasonable costs that you incur in locating and fixing accidental damage to cables, pipes, underground drain pipes or tanks providing services to and from your home.""</b>","Jett discovers that his house's water pressure is very low, and he calls an inspector to survey what may be the issue. Floorboards have to be removed to access the piping. It is then discovered that the water pipes froze in a recent winter storm, causing them to abruptly crack. Jett files a claim with his insurance company for the damage. ",23,4,3,0.5491872432207432,0.04384316029058143
"Jett has insurance that covers ""Trace and Access,"" defined as <b>""necessary and reasonable costs that you incur in locating and fixing accidental damage to cables, pipes, underground drain pipes or tanks providing services to and from your home.""</b>","Jett discovers that his house's water pressure is very low, and he calls an inspector to survey what may be the issue. Floorboards have to be removed to access the piping. It is then discovered that the issue is due to the fact that Jett did an extremely poor job installing the piping. Jett files a claim with his insurance company for the damage. ",10,13,3,0.19764906752407405,0.28750551980937883
"Jason has insurance coverage against loss and damage from ""Identity Theft,"" which excludes <b>""identity theft connected with the policyholder's business.""</b>","Jason is a successful car salesman. One day, while Jason is at home, hackers manage to infiltrate Jason's home WiFi network. The hackers steal Jason's social security number and open a number of fraudulent lines of credit in his name. To resolve the fraud, Jason must spend thousands of dollars in legal fees. Jason files a claim with his insurance company for his losses. ",20,13,1,0.38815499747475846,0.2139763486857318
"Jason has insurance coverage against loss and damage from ""Identity Theft,"" which excludes <b>""identity theft connected with the policyholder's business.""</b>","Jason is a successful car salesman. One day, while Jason is at home, hackers manage to infiltrate Jason's work laptop via his home WiFi network. The hackers steal Jason's social security number and open a number of fraudulent lines of credit in his name. To resolve the fraud, Jason must spend thousands of dollars in legal fees. Jason files a claim with his insurance company for his losses. ",14,6,2,0.38768622334692926,0.11185554988838212
"Jason has insurance coverage against loss and damage from ""Identity Theft,"" which excludes <b>""identity theft connected with the policyholder's business.""</b>","Jason is a successful car salesman. One day, while Jason is at home, hackers manage to infiltrate the computer network at Jason's car dealership. The hackers steal Jason's social security number and open a number of fraudulent lines of credit in his name. To resolve the fraud, Jason must spend thousands of dollars in legal fees. Jason files a claim with his insurance company for his losses. ",15,10,0,0.36896876164029463,0.20626734162042118
"Rick's home insurance policy includes coverage for ""Hail Damage,"" defined as <b>""damage from hail of such intensity that it causes damage to hard surfaces or breaks glass.""</b>","One day, a hail storm hits Rick's house and causes damage to his skylight window. The window is chipped, but the roof is not leaking. Rick files a claim with his insurance company for the damage. ",43,4,0,0.7673502599989493,0.02774932341615326
"Rick's home insurance policy includes coverage for ""Hail Damage,"" defined as <b>""damage from hail of such intensity that it causes damage to hard surfaces or breaks glass.""</b>","One day, a hail storm hits Rick's house and causes damage to the plants on his balcony. Many plants lose leaves and some are completely covered in ice, causing them to die. Rick files a claim with his insurance company for the damage. ",3,29,2,0.024616730487140477,0.6582061297159592
"Rick's home insurance policy includes coverage for ""Hail Damage,"" defined as <b>""damage from hail of such intensity that it causes damage to hard surfaces or breaks glass.""</b>","One day, a hail storm hits Rick's house and causes damage to his roof's clay shingles. Many shingles are chipped and some even develop large cracks, causing the roof to leak. Rick files a claim with his insurance company for the damage.",34,0,1,0.8139614703147043,0.0
"Penelope's car insurance policy includes coverage for up to three months of lost income stemming from ""Personal Accident,"" defined as <b>""accidental injury while traveling in or getting into or out of your car, resulting in permanent and total loss of use of one or more limbs.""</b>","Penelope is a personal trainer, and on weekends she often goes camping. One day, she is injured in a car crash that occurs while she is driving to a campsite. The doctor informs her that after the accident, she will regain full functionality in her left knee if she commits to daily physical therapy for three months. Penelope commits to the recovery program and completely recovers. She then files a claim with her insurance company for three months' worth of lost income.",17,14,1,0.3319583666692019,0.25342085264411546
"Penelope's car insurance policy includes coverage for up to three months of lost income stemming from ""Personal Accident,"" defined as <b>""accidental injury while traveling in or getting into or out of your car, resulting in permanent and total loss of use of one or more limbs.""</b>","Penelope is a personal trainer, and on weekends she often goes camping. One day, she is injured in a car crash that occurs while she is driving to a campsite. The doctor informs her that after the accident, she will never regain functionality in her left knee, even with daily physical therapy. Penelope undergoes several months of physical therapy, but her knee makes no recovery. She then files a claim with her insurance company for three months' worth of lost income.",31,2,0,0.7618952370392001,0.013143701771990602
"Penelope's car insurance policy includes coverage for up to three months of lost income stemming from ""Personal Accident,"" defined as <b>""accidental injury while traveling in or getting into or out of your car, resulting in permanent and total loss of use of one or more limbs.""</b>","Penelope is a personal trainer, and on weekends she often goes camping. One day, she is injured in a car crash that occurs while she is driving to a campsite. The doctor informs her that after the accident, she will regain full functionality in her left knee if she commits to expensive physical therapy for three months. Penelope is unable to afford the recovery program, so she never regains use of her knee. She then files a claim with her insurance company for three months' worth of lost income.",17,6,1,0.46461154275535715,0.10206400556934221
"James' car insurance policy includes coverage for ""Vehicle Damage,"" defined as  <b>""damage to the policy holder's 1) car; or 2) car accessories, including children's car seats (while in or on the car)."" </b>","James is about to head out for work when he realizes he needs to clean out his car since he'll be taking some colleagues to lunch. He removes his child's car seat and places it on the trunk of the car. He heads back into his house to grab something he forgot, and he returns to find that the car seat has been stolen. James files a claim with his insurance company for the loss. ",9,17,0,0.16985486101342764,0.4219731328762187
"James' car insurance policy includes coverage for ""Vehicle Damage,"" defined as  <b>""damage to the policy holder's 1) car; or 2) car accessories, including children's car seats (while in or on the car)."" </b>","James is about to head out for work when he realizes he needs to clean out his car since he'll be taking some colleagues to lunch. He removes his child's car seat and places it on the trunk of the car. James forgets about the car seat and begins to drive away with it still on his car. Shortly thereafter, he gets into an accident. The car seat is severely damaged in the crash. James files a claim with his insurance company for the damage. ",15,6,3,0.3869883720251309,0.10206400556934221
"James' car insurance policy includes coverage for ""Vehicle Damage,"" defined as  <b>""damage to the policy holder's 1) car; or 2) car accessories, including children's car seats (while in or on the car)."" </b>","James is about to head out for work when he realizes he needs to clean out his car since he'll be taking some colleagues to lunch. He removes his child's car seat and places it on the trunk of the car. He heads back into his house to grab something he forgot, and he returns to find that another car has crashed into his parked car. The car seat is severely damaged in the crash. James files a claim with his insurance company for the damage. ",28,5,1,0.6247381735509513,0.05414592822785602
"Cam's home insurance policy includes coverage for ""Storm Damage,"" defined as <b>""damage caused by a storm.""</b>","One day, a lightning storm passes through Cam's neighborhood and lightning hits his street's power line, causing a power surge. The power surge causes the space heater in Cam's attic to catch fire, and almost all of his roof burns before firefighters manage to extinguish it. Cam files a claim with his insurance company for the damage. ",23,9,2,0.47152175623462633,0.12768481090975775
"Cam's home insurance policy includes coverage for ""Storm Damage,"" defined as <b>""damage caused by a storm.""</b>","One day, a lightning storm passes through Cam's neighborhood and lightning hits his neighborhood's power plant, causing a power outage. Cam goes to his attic with a candle to reset the circuit breaker, but he drops the candle and starts a fire so large that almost all of his roof burns before firefighters manage to extinguish it. Cam files a claim with his insurance company for the damage. ",1,35,1,0.003566157375189532,0.7839823651933848
"Cam's home insurance policy includes coverage for ""Storm Damage,"" defined as <b>""damage caused by a storm.""</b>","One day, a lightning storm passes through Cam's neighborhood and lightning hits his roof, causing a fire. Almost all of his roof burns before firefighters manage to extinguish it. Cam files a claim with his insurance company for the damage. ",25,1,1,0.7187902687429266,0.004891947954688181
"Dillon's car insurance policy includes coverage for ""Vehicle Theft,"" which excludes <b>""loss or damage caused by theft or attempted theft if your car was taken by a member of your family or household, or taken by an employee or ex-employee.""</b>","Dillon, who lives alone, goes on vacation and leaves his car in his home garage. However, surveillance footage captures an unfamiliar man breaking into his car and driving away. Dillon files a claim with his insurance company for the loss. ",17,10,0,0.40359158966011593,0.1897279676302351
"Dillon's car insurance policy includes coverage for ""Vehicle Theft,"" which excludes <b>""loss or damage caused by theft or attempted theft if your car was taken by a member of your family or household, or taken by an employee or ex-employee.""</b>","Dillon, who employs a part-time personal assistant, goes on vacation and leaves his car in his home garage. However, surveillance footage captures his personal assistant breaking into his car and driving away. Dillon files a claim with his insurance company for the loss. ",10,17,0,0.1897279676302351,0.40359158966011593
"Dillon's car insurance policy includes coverage for ""Vehicle Theft,"" which excludes <b>""loss or damage caused by theft or attempted theft if your car was taken by a member of your family or household, or taken by an employee or ex-employee.""</b>","Dillon, who has been separated from his wife for over two years, goes to work one day and parks his car in the garage. However, surveillance footage captures his estranged wife breaking into his car and driving away. Dillon files a claim with his insurance company for the loss. ",13,10,0,0.33042105561494933,0.22600472981035954
"Clint has home insurance that covers ""Ground Heave"" damage, defined as <b>""loss or damage resulting from ground heave of the site on which the building stands, or landslip.""</b>","One day, Clint hears a loud crash in his house and finds that his roof has partly caved in due to water damage. Clint files a claim with his insurance company for the damage. ",7,27,1,0.08634374923773476,0.571159904220462
"Clint has home insurance that covers ""Ground Heave"" damage, defined as <b>""loss or damage resulting from ground heave of the site on which the building stands, or landslip.""</b>","One day, Clint hears a loud crash in his house and finds that a large tree has fallen on his roof, causing significant damage. Clint files a claim with his insurance company for the damage. ",9,13,1,0.1939382822389567,0.33042105561494933
"Clint has home insurance that covers ""Ground Heave"" damage, defined as <b>""loss or damage resulting from ground heave of the site on which the building stands, or landslip.""</b>","One day, Clint hears a loud crash in his house and finds that the ground beneath his house has shifted, causing his house's foundation to crack. Clint files a claim with his insurance company for the damage. ",28,3,1,0.677121636647252,0.026178914437031672
"Mariam has insurance that covers home damage from ""Escape of Oil,"" defined as <b>""oil leaking from a fixed oil-fired heating installation.""</b>","Mariam has a wall-mounted oil lamp in her living room. One night, the lamp cracks and leaks oil onto the carpet. The oil then seeps into the floor and causes significant damage. Mariam files a claim with her insurance company for the damage.",11,13,0,0.24745603676009978,0.31472557463532513
"Mariam has insurance that covers home damage from ""Escape of Oil,"" defined as <b>""oil leaking from a fixed oil-fired heating installation.""</b>","Mariam has a portable oil lamp in her living room. One night, the lamp cracks and leaks oil onto the carpet. The oil then seeps into the floor and causes significant damage. Mariam files a claim with her insurance company for the damage.",3,24,1,0.029984797593341658,0.639978598042077
"Mariam has insurance that covers home damage from ""Escape of Oil,"" defined as <b>""oil leaking from a fixed oil-fired heating installation.""</b>","Mariam has a fixed oil-fired heater in her living room. One night, the heater cracks and leaks oil onto the carpet. The oil then seeps into the floor and causes significant damage. Mariam files a claim with her insurance company for the damage.",31,1,0,0.799224379687257,0.004125144124014002
"Rebecca has insurance that covers damage from ""Flooding"" to her home, defined as <b>""an invasion of the property by a large volume of water caused by a rapid build-up from outside the buildings.""</b>","Rebecca lives in a house situated next to a small creek. The water level of the creek quickly rises over the course of a few hours during a storm, and Rebecca notices that water from the creek has begun to collect in her basement and cause significant damage. Rebecca files a claim with her insurance company for the damage.",19,1,0,0.7061544066723822,0.006612897733663147
"Rebecca has insurance that covers damage from ""Flooding"" to her home, defined as <b>""an invasion of the property by a large volume of water caused by a rapid build-up from outside the buildings.""</b>","Rebecca lives in a house situated next to a small creek. The water level of the creek gradually rises over the course of several years, and one day Rebecca notices that water from the creek has begun to collect in her basement and cause significant damage. Rebecca files a claim with her insurance company for the damage.",15,14,0,0.31138731327692,0.28259470754400007
"Rebecca has insurance that covers damage from ""Flooding"" to her home, defined as <b>""an invasion of the property by a large volume of water caused by a rapid build-up from outside the buildings.""</b>","Rebecca lives in a house situated next to a small creek. The water level of the creek gradually rises over the course of about a week, and one day Rebecca notices that water from the creek has begun to collect in her basement and cause significant damage. Rebecca files a claim with her insurance company for the damage.",17,7,1,0.44220661223559105,0.12283585147982046
"Ahmad's car insurance policy includes coverage for ""Vehicle Glass"" damage, defined as <b>""broken glass in the car's windows or windshield.""</b>","Ahmad drives a convertible Porsche and parks his car one day in an outdoor parking lot. While his car is parked in the lot, a baseball from a nearby little league game hits his car's front windshield. When he returns, he discovers the baseball on his windshield, which has been shattered beyond repair. Ahmad files a claim with his insurance company for the damage.",28,2,1,0.7076582312607622,0.013999495720813247
"Ahmad's car insurance policy includes coverage for ""Vehicle Glass"" damage, defined as <b>""broken glass in the car's windows or windshield.""</b>","Ahmad drives a convertible Porsche and parks his car one day in an outdoor parking lot. While his car is parked in the lot, a baseball from a nearby little league game hits his car's front windshield. When he returns, he discovers a baseball near the car, and that the windshield appears fully intact save for a minor cosmetic scratch. Ahmad files a claim with his insurance company for the damage. ",4,15,0,0.07020539336385766,0.5149887846422855
"Ahmad's car insurance policy includes coverage for ""Vehicle Glass"" damage, defined as <b>""broken glass in the car's windows or windshield.""</b>","Ahmad drives a convertible Porsche and parks his car one day in an outdoor parking lot. While his car is parked in the lot, a baseball from a nearby little league game hits his car's front windshield. When he returns, he discovers a baseball near the car, and that the windshield appears chipped but otherwise functional and intact. Ahmad files a claim with his insurance company for the damage. ",18,2,0,0.6436250858506078,0.021810411238413166
"Salma's home insurance covers ""Emergency Damages,"" defined as <b>""loss or damage to the contents of the policyholder's home caused when first responders force an entry into the policyholder's home because of an emergency involving the policyholder.""</b>","Late one night, Salma hears noises coming from another room in her home and believes that a burglar has broken in. From her bedroom, she calls her friend Sam, an accountant, who makes a forced entry into her home to assess the situation. It turns out that the noises Salma heard were indeed from a burglar, whom Sam manages to chase away. Salma files a claim with her insurance company for the damage caused by the forced entry.",2,25,4,0.013999495720813247,0.595416802294589
"Salma's home insurance covers ""Emergency Damages,"" defined as <b>""loss or damage to the contents of the policyholder's home caused when first responders force an entry into the policyholder's home because of an emergency involving the policyholder.""</b>","Late one night, Salma hears noises coming from another room in her home and believes that a burglar has broken in. From her bedroom, she calls her friend Sam, an off-duty firefighter, who makes a forced entry into her home to assess the situation. It turns out that the noises Salma heard were indeed from a burglar, whom Sam manages to chase away. Salma files a claim with her insurance company for the damage caused by the forced entry.",17,14,0,0.344116550189434,0.2624419803653742
"Salma's home insurance covers ""Emergency Damages,"" defined as <b>""loss or damage to the contents of the policyholder's home caused when first responders force an entry into the policyholder's home because of an emergency involving the policyholder.""</b>","Late one night, Salma hears noises coming from another room in her home and believes that a burglar has broken in. From her bedroom, she calls the police, who make a forced entry into her home to assess the situation. It turns out that the noises Salma heard were indeed from a burglar, whom the police promptly arrest. Salma files a claim with her insurance company for the damage caused by the forced entry.",27,1,0,0.7755177202029245,0.004716598346913293
"Gene's car insurance policy includes coverage for ""Vehicle Fire,"" defined as <b>loss or damage as a result of fire to the policy holder's car or audio equipment (while in or on the car).""</b>","One day, Gene parks his car next to his home and leaves behind his smartphone, which catches fire later that day due to a defect. Gene notices and manages to extinguish the fire before it totals the car, but not before the fire spreads to a portable Bluetooth speaker that Gene left next to the phone. Gene files a claim with his insurance company for the loss. ",28,11,4,0.46897528130880295,0.1321705819842461
"Gene's car insurance policy includes coverage for ""Vehicle Fire,"" defined as <b>loss or damage as a result of fire to the policy holder's car or audio equipment (while in or on the car).""</b>","One day, Gene parks his car next to his home and leaves behind his smartphone, which catches fire later that day due to a defect. Gene notices and manages to extinguish the fire before it totals the car, but not before the fire spreads to one of his car's stereo speakers, which was adjacent to the phone.  Gene files a claim with his insurance company for the loss. ",22,9,6,0.40165472008543346,0.11682477280125296
"Gene's car insurance policy includes coverage for ""Vehicle Fire,"" defined as <b>loss or damage as a result of fire to the policy holder's car or audio equipment (while in or on the car).""</b>","One day, Gene parks his car next to his home and leaves behind his smartphone, which catches fire later that day due to a defect. Gene notices and manages to extinguish the fire before it totals the car, but not before the fire destroys several hundred dollars in bills that Gene left next to the phone. Gene files a claim with his insurance company for the loss. ",10,17,2,0.1756617072804685,0.3714082262747412
"Harper's insurance covers damage from ""House Removal,"" which includes <b>""damage to belongings that occurs while being stored by professional removal contractors.""</b>","Harper is moving to a new home on the other side of town. Because her old home has already sold and her new home is not yet ready for her to move in, she checks into a hotel and asks her cousin Bill -- who owns a moving company -- to store some of her belongings in his personal office. A couple days before she is set to move in, Bill's office floods, which ruins the items that Bill was storing for Harper. Harper files a claim with her insurance company for the damage to her belongings.",16,11,4,0.31619635956351666,0.18713968342242657
"Harper's insurance covers damage from ""House Removal,"" which includes <b>""damage to belongings that occurs while being stored by professional removal contractors.""</b>","Harper is moving to a new home on the other side of town. Because her old home has already sold and her new home is not yet ready for her to move in, she checks into a hotel and asks her cousin Bill to store some of her belongings at his house. A couple days before she is set to move in, Bill's house floods, which ruins the items that Bill was storing for Harper. Harper files a claim with her insurance company for the damage to her belongings.",2,18,1,0.02075747849062512,0.6013619113539659
"Harper's insurance covers damage from ""House Removal,"" which includes <b>""damage to belongings that occurs while being stored by professional removal contractors.""</b>","Harper is moving to a new home on the other side of town. Because her old home has already sold and her new home is not yet ready for her to move in, she checks into a hotel and asks a professional moving company to store some of her belongings at the company warehouse. A couple days before she is set to move in, the warehouse floods, which ruins the items that the movers were storing for Harper. Harper files a claim with her insurance company for the damage to her belongings.",30,3,2,0.6663391796546836,0.02390354274416663
"Hunter's car insurance policy includes coverage for ""Vehicle Theft,"" defined as <b>loss or damage as a result of theft to the policy holder's car or car accessories (while in or on the car).""</b>","Hunter, who lives alone, goes on vacation and leaves his car in his home garage. However, surveillance footage captures a masked assailant breaking into his car and stealing Hunter's very high-end seat covers. Hunter files a claim with his insurance company for the loss. ",24,0,1,0.7537114358574142,0.0
"Hunter's car insurance policy includes coverage for ""Vehicle Theft,"" defined as <b>loss or damage as a result of theft to the policy holder's car or car accessories (while in or on the car).""</b>","Hunter, who lives alone, goes on vacation and leaves his car in his home garage. However, surveillance footage captures a masked assailant breaking into his car and stealing several hundred dollars in bills that Hunter left in the car. Hunter files a claim with his insurance company for the loss. ",18,12,1,0.37273950070365225,0.21150647032076406
"Hunter's car insurance policy includes coverage for ""Vehicle Theft,"" defined as <b>loss or damage as a result of theft to the policy holder's car or car accessories (while in or on the car).""</b>","Hunter, who lives alone, goes on vacation and leaves his car in his home garage. However, surveillance footage captures a masked assailant breaking into his car and stealing a smartphone that Hunter leaves in the car for navigation and to play music. Hunter files a claim with his insurance company for the loss. ",17,9,2,0.3868060620409708,0.15688641652394478
"Olivia has home insurance that covers damage from ""Malicious Acts or Vandalism,"" defined as <b>""actions involving deliberate destruction or damage to the policyholder's property.""</b>","Olivia lives in a very quiet neighborhood at the edge of town. One day, a group of reckless teenagers crash their car into several bags' worth of garbage in front of Olivia's house while driving almost double the speed limit, littering her property with debris and costing her hundreds of dollars in cleanup expenses. Olivia files a claim with her insurance company for the damages.",17,13,3,0.32064886705371026,0.22102038941756613
"Olivia has home insurance that covers damage from ""Malicious Acts or Vandalism,"" defined as <b>""actions involving deliberate destruction or damage to the policyholder's property.""</b>","Olivia lives in a very quiet neighborhood at the edge of town. One day, a garbage truck accidentally topples over in front of Olivia's house, littering her property with debris and costing her hundreds of dollars in cleanup expenses. Olivia files a claim with her insurance company for the damages.",1,24,1,0.005080839197386769,0.710046656108548
"Olivia has home insurance that covers damage from ""Malicious Acts or Vandalism,"" defined as <b>""actions involving deliberate destruction or damage to the policyholder's property.""</b>","Olivia lives in a very quiet neighborhood at the edge of town. One day, a group of teenagers spread several bags' worth of garbage in front of Olivia's house as a prank, littering her property with debris and costing her hundreds of dollars in cleanup expenses. Olivia files a claim with her insurance company for the damages.",25,5,3,0.5502620291169205,0.055832698740938574
"Cooper's car insurance policy includes coverage for ""Vehicle Theft,"" which applies only if <b>""the policyholder's car contains a working GPS tracking device.""</b>","Cooper, who doesn't keep a GPS tracking device in his car, goes on vacation and leaves his car in his home garage. However, surveillance footage captures a masked assailant breaking into his car and driving away. Cooper files a claim with his insurance company for the loss. ",0,22,0,0.0,0.7933319931910737
"Cooper's car insurance policy includes coverage for ""Vehicle Theft,"" which applies only if <b>""the policyholder's car contains a working GPS tracking device.""</b>","Cooper, who keeps a GPS tracking device in his car, goes on vacation and leaves his car in his home garage. However, surveillance footage captures a masked assailant breaking into his car and driving away. Cooper files a claim with his insurance company for the loss. ",24,0,0,0.8072344545027041,0.0
"Cooper's car insurance policy includes coverage for ""Vehicle Theft,"" which applies only if <b>""the policyholder's car contains a working GPS tracking device.""</b>","Cooper, who keeps a GPS-tracked smartphone in his car to play music and for navigation, goes on vacation and leaves his car in his home garage. However, surveillance footage captures a masked assailant breaking into his car and driving away. Cooper files a claim with his insurance company for the loss. ",12,12,2,0.2565064938663077,0.2565064938663077
"Gavin has an insurance policy that includes coverage for ""General Damages,"" which includes losses from <b>""missed employment due to injuries that occur under regular working conditions.""</b>","Gavin works as an A/C repair technician in a small town. One day, Gavin is off from work and decides to put holiday lights up on his roof. Because Gavin is an experienced repairman, he figures he doesn't need a ladder to get onto his roof and decides to free climb the exterior wall of his house instead. While climbing the wall, Gavin loses his balance and falls, causing significant injury. Because of this, he subsequently has to stop working for weeks. Gavin files a claim with his insurance company for lost income.",2,26,1,0.014974505627235641,0.6911631225274859
"Gavin has an insurance policy that includes coverage for ""General Damages,"" which includes losses from <b>""missed employment due to injuries that occur under regular working conditions.""</b>","Gavin works as an A/C repair technician in a small town. One day, Gavin offers to help his girlfriend repair an air conditioner located on the second story of her home. Because Gavin is an experienced repairman, he knows that the safest way to access the unit is with a sturdy ladder. While climbing the ladder, Gavin loses his balance and falls, causing significant injury. Because of this, he subsequently has to stop working for weeks. Gavin files a claim with his insurance company for lost income.",8,26,1,0.10468633301777899,0.5412175590544773
"Gavin has an insurance policy that includes coverage for ""General Damages,"" which includes losses from <b>""missed employment due to injuries that occur under regular working conditions.""</b>","Gavin works as an A/C repair technician in a small town. One day, Gavin is hired to repair an air conditioner located on the second story of a building. Because Gavin is an experienced repairman, he knows that the safest way to access the unit is with a sturdy ladder. While climbing the ladder, Gavin loses his balance and falls, causing significant injury. Because of this, he subsequently has to stop working for weeks. Gavin files a claim with his insurance company for lost income.",33,0,0,0.8520276090971695,0.0
"Vivian has home insurance for ""Loss and Accidental Damage,"" which only applies if the damage occurs <b>""while temporarily away from home anywhere in the world.""</b>","Vivian lives alone in a single-family house in the suburbs. She decides to permanently move abroad, but she keeps the deed to her house so that her children can inherit it one day. While abroad, her house suffers from an electrical short circuit that causes a severe fire, damaging nearly the entire home. Vivian files a claim with her insurance company for the damages. ",7,26,1,0.08898542042358258,0.5609549731279153
"Vivian has home insurance for ""Loss and Accidental Damage,"" which only applies if the damage occurs <b>""while temporarily away from home anywhere in the world.""</b>","Vivian lives alone in a single-family house in the suburbs. She decides to move abroad, but she keeps the deed to her house because she intends to move back one day. While abroad, her house suffers from an electrical short circuit that causes a severe fire, damaging nearly the entire home. Vivian files a claim with her insurance company for the damages. ",20,14,3,0.3525125176184631,0.21633002462826306
"Vivian has home insurance for ""Loss and Accidental Damage,"" which only applies if the damage occurs <b>""while temporarily away from home anywhere in the world.""</b>","Vivian lives alone in a single-family house in the suburbs. She decides to take a vacation abroad, and her house is completely vacant while she's away. While abroad, her house suffers from an electrical short circuit that causes a severe fire, damaging nearly the entire home. Vivian files a claim with her insurance company for the damages. ",22,0,0,0.7933319931910737,0.0
"Dave has insurance that covers ""Public Liability Property Damages,"" defined as <b>""the damages that you are legally liable to pay for damage to third party property.""</b> The insurance policy also states that <b>""we will not pay for your losses if you failed to take reasonable steps to prevent the damage from occurring.""</b>","One day, Dave is exiting the parking lot of a restaurant. Because he checks his car's manual regularly, he knows his car is a month overdue for scheduled maintenance. However, his brakes fail as he begins to drive, and he collides with the landscaping around the restaurant's property. No one is hurt, but the restaurant successfully sues Dave for the damage, costing Dave thousands of dollars. Dave files a claim with his insurance company for the losses. ",17,22,1,0.2591450182369242,0.36750511793543866
"Dave has insurance that covers ""Public Liability Property Damages,"" defined as <b>""the damages that you are legally liable to pay for damage to third party property.""</b> The insurance policy also states that <b>""we will not pay for your losses if you failed to take reasonable steps to prevent the damage from occurring.""</b>","One day, Dave is exiting the parking lot of a restaurant. Because the car's brake warning light has been on for months and his brakes have felt very unresponsive, he knows his car is in need of service. However, his brakes fail as he begins to drive, and he collides with the landscaping around the restaurant's property. No one is hurt, but the restaurant successfully sues Dave for the damage, costing Dave thousands of dollars. Dave files a claim with his insurance company for the losses. ",2,31,0,0.013143701771990602,0.7618952370392001
"Dave has insurance that covers ""Public Liability Property Damages,"" defined as <b>""the damages that you are legally liable to pay for damage to third party property.""</b> The insurance policy also states that <b>""we will not pay for your losses if you failed to take reasonable steps to prevent the damage from occurring.""</b>","One day, Dave is exiting the parking lot of a restaurant. Because he checks his car's manual regularly, he has just brought his car to a mechanic for scheduled maintenance. However, his brakes fail as he begins to drive, and he collides with the landscaping around the restaurant's property. No one is hurt, but the restaurant successfully sues Dave for the damage, costing Dave thousands of dollars. Dave files a claim with his insurance company for the losses. ",23,1,1,0.7007439248004362,0.005284903765996357
"Chris's car insurance policy includes coverage for ""Vehicle Damage,"" defined as <b>""loss or damage to the policy holder's 1) car; or 2) audio equipment (while in the car)."" </b> ","One day, Chris is involved in a minor accident. His car stereo system and speakers were damaged. Chris files a claim with his insurance company for the damage. ",32,0,0,0.8481058512674592,0.0
"Chris's car insurance policy includes coverage for ""Vehicle Damage,"" defined as <b>""loss or damage to the policy holder's 1) car; or 2) audio equipment (while in the car)."" </b> ","One day, Chris is involved in a minor accident. His work laptop, which was in the car at the time, was damaged. Chris files a claim with his insurance company for the damage. ",5,25,3,0.055832698740938574,0.5502620291169205
"Chris's car insurance policy includes coverage for ""Vehicle Damage,"" defined as <b>""loss or damage to the policy holder's 1) car; or 2) audio equipment (while in the car)."" </b> ","One day, Chris is involved in a minor accident. His portable Bluetooth speaker, which was in the car at the time, was damaged. Chris files a claim with his insurance company for the damage. ",10,10,0,0.26402772581574513,0.26402772581574513
"Blake has home insurance that covers ""Ground Heave"" damage, defined as <b>""loss or damage resulting from ground heave of the site on which the building stands, or landslip.""</b>","One evening, an earthquake erupts near Blake's house. The force of the earthquake causes Blake's house to shake, which damages the house's foundation. Blake files a claim with his insurance company for the damage. ",23,6,2,0.5272697327623987,0.07814452674221
"Blake has home insurance that covers ""Ground Heave"" damage, defined as <b>""loss or damage resulting from ground heave of the site on which the building stands, or landslip.""</b>","One evening, two semi trucks collide with one another at high speed outside Blake's house. The impact from the crash causes Blake's house to shake and thereby damages the house's foundation. Blake files a claim with his insurance company for the damage.",19,14,2,0.3498654518033864,0.2297677484042502
"Blake has home insurance that covers ""Ground Heave"" damage, defined as <b>""loss or damage resulting from ground heave of the site on which the building stands, or landslip.""</b>","One evening, several of Blake's friends crowd into his house for a dance party. The many rambunctious dancers cause Blake's house to shake, which damages the house's foundation. Blake files a claim with his insurance company for the damage. ",9,35,4,0.08907293317038865,0.5575440680118243
"Jenny's car insurance policy includes coverage for ""Vehicle Damage,"" which excludes <b>""loss of or damage to the policyholder's car if, at the time of the incident, it was under the custody or control of anyone with the policyholder's permission who is not covered under the policy.""</b>","Jenny goes on vacation and leaves her car key with her neighbor for safe keeping. One day, while the car is parked on the street outside her house, a utility pole falls unexpectedly and lands on the hood of the car, damaging it severely. Jenny files a claim with her insurance company for the damage. ",20,13,1,0.38815499747475846,0.2139763486857318
"Jenny's car insurance policy includes coverage for ""Vehicle Damage,"" which excludes <b>""loss of or damage to the policyholder's car if, at the time of the incident, it was under the custody or control of anyone with the policyholder's permission who is not covered under the policy.""</b>","Jenny goes on vacation and leaves her car key with a friend so that the friend can use the car while she is away. One day, while the car is parked on the street outside her friend's house, a utility pole falls unexpectedly and lands on the hood of the car, damaging it severely. Jenny files a claim with her insurance company for the damage. ",13,7,1,0.3672215156535756,0.14788526224350118
"Jenny's car insurance policy includes coverage for ""Vehicle Damage,"" which excludes <b>""loss of or damage to the policyholder's car if, at the time of the incident, it was under the custody or control of anyone with the policyholder's permission who is not covered under the policy.""</b>","Jenny goes on vacation and leaves her car key in a safe inside her house. One day, while the car is parked on the street outside her house, a utility pole falls unexpectedly and lands on the hood of the car, damaging it severely. Jenny files a claim with her insurance company for the damage.",24,4,3,0.5608033621859768,0.042396467719849465
"Margot has home insurance that covers ""Garden Plants"" damage, defined as <b>""damage to plants, bushes, shrubs and trees within the boundaries of the land belonging to the home caused by malicious people or vandals.""</b>","One day, while Margot is away from her home, her surveillance footage captures a neighbor's middle school-aged children trampling her plants. Margot files a claim with her insurance company for the loss.",30,2,0,0.7556507263862877,0.013558106527260827
"Margot has home insurance that covers ""Garden Plants"" damage, defined as <b>""damage to plants, bushes, shrubs and trees within the boundaries of the land belonging to the home caused by malicious people or vandals.""</b>","One day, while Margot is away from her home, her surveillance footage captures masked individuals trampling her plants. Margot files a claim with her insurance company for the loss.",27,0,0,0.8249025421152545,0.0
"Margot has home insurance that covers ""Garden Plants"" damage, defined as <b>""damage to plants, bushes, shrubs and trees within the boundaries of the land belonging to the home caused by malicious people or vandals.""</b>","One day, while Margot is away from her home, her surveillance footage captures her neighbor's dog trampling her plants. Margot files a claim with her insurance company for the loss.",9,24,2,0.12384646903102413,0.4834963113742639
"Belinda's home insurance policy includes coverage for ""Escape of Water"" damage, defined as <b>""damage to buildings and contents caused by a sudden, unforeseen flow of water from an internal source, such as a burst pipe or faulty appliance.""</b>","Belinda lives in a two-story house with a bathtub on the second floor. One day, Belinda uses the tub for a bath and fills the tub with water, but the tub suddenly cracks and begins to leak, causing water to seep through her floor and damage her walls. Belinda files a claim with her insurance company for the damage.",27,5,0,0.6407008171367228,0.057628044390344524
"Belinda's home insurance policy includes coverage for ""Escape of Water"" damage, defined as <b>""damage to buildings and contents caused by a sudden, unforeseen flow of water from an internal source, such as a burst pipe or faulty appliance.""</b>","Belinda lives in a two-story house with a bathtub on the second floor. One day, Belinda fills the tub with tomato juice to give her dog a bath after being sprayed by a skunk, but the tub suddenly cracks and begins to leak, causing the tomato juice to seep through her floor and damage her walls. Belinda files a claim with her insurance company for the damage.",12,22,2,0.1800328997475228,0.4145478844736652
"Belinda's home insurance policy includes coverage for ""Escape of Water"" damage, defined as <b>""damage to buildings and contents caused by a sudden, unforeseen flow of water from an internal source, such as a burst pipe or faulty appliance.""</b>","Belinda lives in a two-story house with a bathtub on the second floor. One day, Belinda, a sculpture artist, fills the tub with paint in order to dip her sculptures in paint, but the tub suddenly cracks and begins to leak, causing the paint to seep through her floor and damage her walls. Belinda files a claim with her insurance company for the damage.",4,20,3,0.04884368613234715,0.5104300526127946
"Shannon has an insurance policy that covers accidental damage to her home and belongings from ""Hot Work,"" defined as <b>""any work on her home or belongings that requires, uses or produces any sources of heat that could ignite flammable materials.""</b> ","One day, Shannon is working on her motorcycle in her garage. As she does so, she smokes a cigarette. Suddenly, she drops the lit cigarette onto the floor, igniting a nearby flammable cleaning product and sending her garage up in flames. Shannon files a claim with her insurance company for the damage.",6,24,0,0.08085016155644194,0.5846124361922922
"Shannon has an insurance policy that covers accidental damage to her home and belongings from ""Hot Work,"" defined as <b>""any work on her home or belongings that requires, uses or produces any sources of heat that could ignite flammable materials.""</b> ","One day, Shannon is working on her motorcycle in her garage. To repair her motorcycle, she uses an air compressor powered by a gasoline engine. Suddenly, the compressor's engine overheats, igniting a nearby flammable cleaning product and sending her garage up in flames. Shannon files a claim with her insurance company for the damage.",28,5,0,0.6496701232632082,0.055832698740938574
"Shannon has an insurance policy that covers accidental damage to her home and belongings from ""Hot Work,"" defined as <b>""any work on her home or belongings that requires, uses or produces any sources of heat that could ignite flammable materials.""</b> ","One day, Shannon is working on her motorcycle in her garage. To repair her motorcycle, she uses a welding tool which produces a sizable flame. Suddenly, she drops the tool onto the floor, igniting a nearby flammable cleaning product and sending her garage up in flames. Shannon files a claim with her insurance company for the damage.",31,3,3,0.650134603607722,0.022594372631613367
"Madison has insurance that covers home damage from ""Escape of Oil,"" defined as <b>""oil leaking from a fixed oil-fired heating installation.""</b>","As Madison is walking through her kitchen one afternoon, she notices oil dripping from her heater into a puddle, which is damaging her hardwood floors. Madison files a claim with her insurance company for the damage.",29,1,0,0.788031293800288,0.0044010888111877654
"Madison has insurance that covers home damage from ""Escape of Oil,"" defined as <b>""oil leaking from a fixed oil-fired heating installation.""</b>","As Madison's friend attempts to fix the heater in Madison's kitchen one afternoon, her friend makes a mistake which causes oil to rush out of the heater, damaging her hardwood floors. Madison files a claim with her insurance company for the damage.",9,11,1,0.2142326853866275,0.28739468636042514
"Madison has insurance that covers home damage from ""Escape of Oil,"" defined as <b>""oil leaking from a fixed oil-fired heating installation.""</b>","As Madison is carrying kerosene oil through her kitchen one afternoon, she slips and spills the oil, damaging her hardwood floors. Madison files a claim with her insurance company for the damage.",2,26,0,0.015514783024119521,0.7270235108912069
"Tom's home insurance policy includes coverage for ""Wind Damage,"" defined as <b>""damage from wind speeds with gusts of at least 55 mph.""</b>","Tom's house is located near a large lake. One day, strong winds in excess of 55mph blow across the lake while Tom is working on his roof, but it's a loud and surprising ring from his cell phone that causes him to drop his heavy toolbox and thereby damage the roof. Tom files a claim with his insurance company for the damage. ",8,27,1,0.10165028319807375,0.5515654497557971
"Tom's home insurance policy includes coverage for ""Wind Damage,"" defined as <b>""damage from wind speeds with gusts of at least 55 mph.""</b>","Tom's house is located near a large lake. One day, strong winds in excess of 55mph blow across the lake, causing waves to crash into Tom's house and thereby damaging the roof. Tom files a claim with his insurance company for the damage. ",16,8,2,0.38673777142116733,0.1432257602013801
"Tom's home insurance policy includes coverage for ""Wind Damage,"" defined as <b>""damage from wind speeds with gusts of at least 55 mph.""</b>","Tom's house is located near a large lake. One day, strong winds in excess of 55mph blow across the lake and towards Tom's house, damaging the roof. Tom files a claim with his insurance company for the damage. ",26,0,0,0.8193843835540707,0.0
"Gisele's car insurance policy includes coverage for ""Vehicle Theft,"" defined as <b>loss or damage as a result of theft to the policy holder's car or audio equipment (while in or on the car).""</b>","Gisele, who lives alone, goes on vacation and leaves her car in her home garage. However, surveillance footage captures a masked assailant breaking into Gisele's car and stealing her car stereo. Gisele files a claim with her insurance company for the loss.",24,0,1,0.7537114358574142,0.0
"Gisele's car insurance policy includes coverage for ""Vehicle Theft,"" defined as <b>loss or damage as a result of theft to the policy holder's car or audio equipment (while in or on the car).""</b>","Gisele, who lives alone, goes on vacation and leaves her car in her home garage. However, surveillance footage captures a masked assailant breaking into Gisele's car and stealing her wireless Bluetooth headset. Gisele files a police report and a claim with her insurance company for her loss. ",23,8,0,0.5272697327623987,0.11889688364209944
"Gisele's car insurance policy includes coverage for ""Vehicle Theft,"" defined as <b>loss or damage as a result of theft to the policy holder's car or audio equipment (while in or on the car).""</b>","Gisele, who lives alone, goes on vacation and leaves her car in her home garage. However, surveillance footage captures a masked assailant breaking into Gisele's car and stealing her briefcase, which contained her work laptop. Gisele files a claim with her insurance company for the loss. ",7,23,0,0.1013985546555431,0.5491872432207432
"Justin has insurance that covers ""Trace and Access,"" defined as <b>""necessary and reasonable costs that you incur in locating and fixing accidental damage to cables or pipes in your home.""</b>","Justin, a skilled plumber, is repairing his leaky kitchen sink when he accidentally drops his wedding ring down a pipe that leads to the kitchen. In order to access the pipe and retrieve the ring, Justin has to tear out drywall and tear up floorboards. He files a claim with his insurance company for the damage. ",10,25,3,0.13179147464169635,0.4642152789531911
"Justin has insurance that covers ""Trace and Access,"" defined as <b>""necessary and reasonable costs that you incur in locating and fixing accidental damage to cables or pipes in your home.""</b>","Justin, a skilled plumber, is repairing his leaky kitchen sink when he inadvertently punctures a pipe that leads to the kitchen. In order to access and repair the damaged pipe, Justin has to tear out drywall and tear up floorboards. He files a claim with his insurance company for the damage. ",15,5,2,0.4291911230469194,0.0849613610009023
"Justin has insurance that covers ""Trace and Access,"" defined as <b>""necessary and reasonable costs that you incur in locating and fixing accidental damage to cables or pipes in your home.""</b>","Justin, a skilled plumber, is repairing his leaky kitchen sink when he notices more extensive damage to a pipe that leads to the kitchen. In order to access and repair the damaged pipe, Justin has to tear out drywall and tear up floorboards. He files a claim with his insurance company for the damage. ",22,7,2,0.4947037480191208,0.0979807998496377
"Miranda's home insurance policy includes coverage for ""Escape of Water"" damage, defined as <b>""damage to buildings and contents caused by a sudden, unforeseen flow of water from an internal source, such as a burst pipe or faulty appliance.""</b>","Miranda lives in a two-story house, and she has a large plastic water cooler on the upper floor. One day, the cooler begins to leak unexpectedly, causing water to seep through her floor and damage her walls. Miranda files a claim with her insurance company for the damage.",16,15,1,0.3051320006180204,0.2789517509649857
"Miranda's home insurance policy includes coverage for ""Escape of Water"" damage, defined as <b>""damage to buildings and contents caused by a sudden, unforeseen flow of water from an internal source, such as a burst pipe or faulty appliance.""</b>","Miranda lives in a two-story house, and she keeps her pet goldfish in a large glass bowl on the upper floor. One day, the bowl begins to leak unexpectedly, causing water to seep through her floor and damage her walls. Miranda files a claim with her insurance company for the damage.",9,22,0,0.14078061211486143,0.4947037480191208
"Miranda's home insurance policy includes coverage for ""Escape of Water"" damage, defined as <b>""damage to buildings and contents caused by a sudden, unforeseen flow of water from an internal source, such as a burst pipe or faulty appliance.""</b>","Miranda lives in a two-story house, and she has a washing machine on the upper floor. One day, the washing machine begins to leak unexpectedly, causing water to seep through her floor and damage her walls. Miranda files a claim with her insurance company for the damage.",20,2,0,0.6688913578405171,0.019801545229638663
